2018-04-23 06:34:12 UTC,0.44,12.09,31.4,19.53
2018-04-23 06:49:12 UTC,0.44,10.16,31.29,19.33
2018-04-23 07:04:12 UTC,0.44,5.46,31.4,18.69
2018-04-23 07:19:12 UTC,0.44,2.51,34.12,18.24
2018-04-23 07:34:12 UTC,0.44,2.74,33.44,18.08
2018-04-23 07:49:12 UTC,0.44,2.04,32.99,17.88
2018-04-23 08:04:12 UTC,0.44,0.92,32.87,17.68
2018-04-23 08:19:12 UTC,0.44,0.91,32.53,17.53
2018-04-23 08:34:12 UTC,0.44,0.76,32.31,17.32
2018-04-23 08:49:12 UTC,0.44,0.38,32.08,17.22
2018-04-23 09:04:12 UTC,0.44,0.25,31.97,17.17
2018-04-23 09:19:12 UTC,0.44,0.1,31.97,16.97
2018-04-23 09:34:12 UTC,0.44,0.1,31.96,16.66
2018-04-23 09:49:12 UTC,0.44,0.1,31.96,16.45
2018-04-23 10:04:12 UTC,0.44,0.1,32.07,16.34
2018-04-23 10:19:12 UTC,0.44,0.1,31.62,16.34
2018-04-23 10:34:12 UTC,0.44,0.1,31.62,16.08
2018-04-23 10:49:12 UTC,0.44,0.1,31.73,15.72
2018-04-23 11:04:12 UTC,0.44,0.1,31.73,15.72
2018-04-23 11:19:12 UTC,0.44,0.1,31.73,15.66
2018-04-23 11:34:12 UTC,0.44,0.1,31.28,15.61
2018-04-23 11:49:12 UTC,0.44,0.1,31.5,15.56
2018-04-23 12:04:12 UTC,0.44,0.1,31.28,15.61
2018-04-23 12:19:12 UTC,0.44,0.1,31.28,15.5
2018-04-23 12:34:12 UTC,0.44,0.1,31.28,15.29
2018-04-23 12:49:12 UTC,0.44,0.1,31.39,15.35
2018-04-23 13:04:12 UTC,0.44,0.1,31.39,15.35
2018-04-23 13:19:12 UTC,0.44,0.1,31.5,15.29
2018-04-23 13:34:12 UTC,0.44,0.1,31.16,15.29
2018-04-23 13:49:12 UTC,0.44,0.1,31.27,15.4
2018-04-23 14:04:12 UTC,0.44,0.1,31.16,15.4
2018-04-23 14:19:12 UTC,0.44,0.1,31.27,15.4
2018-04-23 14:34:12 UTC,0.44,0.1,31.16,15.45
2018-04-23 14:49:12 UTC,0.44,0.1,31.05,15.45
2018-04-23 15:04:12 UTC,0.44,0.1,31.27,15.4
2018-04-23 15:19:12 UTC,0.44,0.1,31.38,15.4
2018-04-23 15:34:12 UTC,0.44,0.1,31.16,15.45
2018-04-23 15:49:12 UTC,0.44,0.1,31.16,15.4
2018-04-23 16:04:12 UTC,0.44,0.1,30.83,15.45
2018-04-23 16:19:12 UTC,0.44,0.1,31.05,15.4
2018-04-23 16:34:12 UTC,0.44,0.1,30.82,15.5
2018-04-23 16:49:12 UTC,0.44,0.1,31.05,15.45
2018-04-23 17:04:12 UTC,0.44,0.1,30.82,15.45
2018-04-23 17:19:12 UTC,0.44,0.1,30.82,15.4
2018-04-23 17:34:12 UTC,0.44,0.1,30.94,15.35
2018-04-23 17:49:12 UTC,0.44,0.1,31.16,15.4
2018-04-23 18:04:12 UTC,0.44,0.1,31.05,15.45
2018-04-23 18:19:12 UTC,0.44,0.1,30.71,15.45
2018-04-23 18:34:12 UTC,0.44,0.1,30.94,15.45
2018-04-23 18:49:12 UTC,0.44,0.1,31.05,15.45
2018-04-23 19:04:12 UTC,0.44,0.1,30.82,15.45
2018-04-23 19:19:12 UTC,0.44,0.1,30.71,15.5
2018-04-23 19:34:12 UTC,0.44,0.1,30.94,15.5
2018-04-23 19:49:12 UTC,0.44,0.1,30.6,15.56
2018-04-23 20:04:12 UTC,0.44,0.1,30.71,15.61
2018-04-23 20:19:12 UTC,0.44,0.26,30.82,15.66
2018-04-23 20:34:12 UTC,0.44,0.57,31.05,15.72
2018-04-23 20:49:12 UTC,0.44,0.93,30.6,15.45
2018-04-23 21:04:12 UTC,0.44,1.54,30.94,15.45
2018-04-23 21:19:12 UTC,0.44,1.9,30.82,15.5
2018-04-23 21:34:12 UTC,0.44,4.43,30.82,15.45
2018-04-23 21:49:12 UTC,0.44,5.38,30.94,15.56
2018-04-23 22:04:12 UTC,0.44,6.08,30.94,15.61
2018-04-23 22:19:12 UTC,0.44,5.48,33.66,15.66
2018-04-23 22:34:12 UTC,0.44,8.28,32.76,15.82
2018-04-23 22:49:12 UTC,0.44,8.64,32.31,15.93
2018-04-23 23:04:12 UTC,0.44,10.94,32.19,16.34
2018-04-23 23:19:12 UTC,0.44,15.7,31.96,16.4
2018-04-23 23:34:12 UTC,0.44,15.27,32.18,16.76
2018-04-23 23:49:12 UTC,0.44,15.19,31.96,17.32
2018-04-24 00:04:12 UTC,0.44,25.32,31.85,17.93
2018-04-24 00:19:12 UTC,0.44,46.97,32.08,20.06
2018-04-24 00:34:12 UTC,0.44,32.89,31.97,20.06
2018-04-24 00:49:12 UTC,0.44,54.59,31.86,20.98
2018-04-24 01:04:12 UTC,0.44,39.54,31.97,21.79
2018-04-24 01:19:12 UTC,0.44,33.8,33.8,23.0
2018-04-24 01:34:12 UTC,0.44,23.77,33.12,20.69
2018-04-24 01:49:12 UTC,0.44,24.95,33.11,21.17
2018-04-24 02:04:12 UTC,0.44,28.21,32.55,21.64
2018-04-24 02:19:12 UTC,0.44,41.07,32.55,21.93
2018-04-24 02:34:12 UTC,0.44,38.58,32.54,22.77
2018-04-24 02:49:12 UTC,0.44,46.43,32.32,25.25
2018-04-24 03:04:12 UTC,0.44,39.64,32.43,25.07
2018-04-24 03:19:12 UTC,0.44,47.11,31.88,25.25
2018-04-24 03:34:12 UTC,0.44,58.11,31.77,27.53
2018-04-24 03:49:12 UTC,0.44,69.17,31.99,29.0
2018-04-24 04:04:12 UTC,0.44,87.0,32.11,30.72
2018-04-24 04:19:12 UTC,0.37,68.03,34.28,30.23
2018-04-24 04:34:12 UTC,0.37,54.96,33.37,28.02
2018-04-24 04:49:12 UTC,0.37,54.23,33.14,27.58
2018-04-24 05:04:12 UTC,0.37,49.12,32.58,27.89
2018-04-24 05:19:12 UTC,0.37,40.75,32.47,27.0
2018-04-24 05:34:12 UTC,0.37,31.95,32.69,25.74
2018-04-24 05:49:12 UTC,0.37,36.71,32.36,26.86
2018-04-24 06:04:12 UTC,0.37,30.76,32.24,26.24
2018-04-24 06:19:12 UTC,0.37,29.16,32.47,25.29
2018-04-24 06:34:12 UTC,0.37,29.16,32.25,24.43
2018-04-24 06:49:12 UTC,0.37,24.75,32.35,24.89
2018-04-24 07:04:12 UTC,0.37,24.91,32.02,24.89
2018-04-24 07:19:12 UTC,0.37,20.84,34.17,24.34
2018-04-24 07:34:12 UTC,0.37,14.41,33.38,23.24
2018-04-24 07:49:12 UTC,0.37,9.59,33.03,21.41
2018-04-24 08:04:12 UTC,0.37,3.23,32.69,20.55
2018-04-24 08:19:12 UTC,0.37,4.68,32.58,19.96
2018-04-24 08:34:12 UTC,0.37,2.37,32.46,19.28
2018-04-24 08:49:12 UTC,0.37,1.62,32.01,18.64
2018-04-24 09:04:12 UTC,0.37,0.53,32.23,18.39
2018-04-24 09:19:12 UTC,0.37,0.1,32.23,17.98
2018-04-24 09:34:12 UTC,0.37,0.1,32.11,17.43
2018-04-24 09:49:12 UTC,0.37,0.1,31.78,17.32
2018-04-24 10:04:12 UTC,0.37,0.1,31.88,17.32
2018-04-24 10:19:12 UTC,0.37,0.1,31.66,17.02
2018-04-24 10:34:12 UTC,0.37,0.1,31.88,16.97
2018-04-24 10:49:12 UTC,0.37,0.1,31.93,16.97
2018-04-24 11:04:12 UTC,0.37,0.1,33.48,16.81
2018-04-24 11:19:12 UTC,0.37,0.1,33.17,16.66
2018-04-24 11:34:12 UTC,0.37,0.1,32.49,16.55
2018-04-24 11:49:12 UTC,0.37,0.1,32.15,16.5
2018-04-24 12:04:12 UTC,0.37,0.1,31.92,16.45
2018-04-24 12:19:12 UTC,0.37,0.1,31.92,16.45
2018-04-24 12:34:12 UTC,0.37,0.1,31.92,16.6
2018-04-24 12:49:12 UTC,0.37,0.1,31.7,16.5
2018-04-24 13:04:12 UTC,0.37,0.1,31.47,16.55
2018-04-24 13:19:12 UTC,0.37,0.1,31.81,16.5
2018-04-24 13:34:12 UTC,0.37,0.1,31.58,16.5
2018-04-24 13:49:12 UTC,0.37,0.1,31.58,16.71
2018-04-24 14:04:12 UTC,0.37,0.1,31.58,16.6
2018-04-24 14:19:12 UTC,0.37,0.1,31.47,16.5
2018-04-24 14:34:12 UTC,0.37,0.1,31.58,16.4
2018-04-24 14:49:12 UTC,0.37,0.1,31.47,16.34
2018-04-24 15:04:12 UTC,0.37,0.1,31.58,16.24
2018-04-24 15:19:12 UTC,0.37,0.1,31.47,16.24
2018-04-24 15:34:12 UTC,0.37,0.1,31.14,15.98
2018-04-24 15:49:12 UTC,0.37,0.1,31.36,16.19
2018-04-24 16:04:12 UTC,0.37,0.1,31.14,15.66
2018-04-24 16:19:12 UTC,0.37,0.1,31.36,15.72
2018-04-24 16:34:12 UTC,0.37,0.1,31.14,15.77
2018-04-24 16:49:12 UTC,0.37,0.1,31.47,15.93
2018-04-24 17:04:12 UTC,0.37,0.1,31.25,15.87
2018-04-24 17:19:12 UTC,0.37,0.1,31.25,16.03
2018-04-24 17:34:12 UTC,0.37,0.1,31.25,15.98
2018-04-24 17:49:12 UTC,0.37,0.1,30.91,15.98
2018-04-24 18:04:12 UTC,0.37,0.1,31.25,16.19
2018-04-24 18:19:12 UTC,0.37,0.1,31.36,16.24
2018-04-24 18:34:12 UTC,0.37,0.1,31.25,16.34
2018-04-24 18:49:12 UTC,0.37,0.1,31.03,16.4
2018-04-24 19:04:12 UTC,0.37,0.1,31.25,16.19
2018-04-24 19:19:12 UTC,0.37,0.1,30.92,16.14
2018-04-24 19:34:12 UTC,0.37,0.1,31.14,16.14
2018-04-24 19:49:12 UTC,0.37,0.1,31.25,16.14
2018-04-24 20:04:12 UTC,0.37,0.1,31.36,16.14
2018-04-24 20:19:12 UTC,0.37,0.39,32.47,16.14
2018-04-24 20:34:12 UTC,0.37,0.93,32.56,16.29
2018-04-24 20:49:12 UTC,0.37,1.07,32.76,16.45
2018-04-24 21:04:12 UTC,0.37,0.94,32.87,16.55
2018-04-24 21:19:12 UTC,0.37,2.07,32.4,16.55
2018-04-24 21:34:12 UTC,0.37,3.46,32.51,16.76
2018-04-24 21:49:12 UTC,0.37,4.61,32.73,16.76
2018-04-24 22:04:12 UTC,0.37,5.38,32.72,16.97
2018-04-24 22:19:12 UTC,0.37,9.48,34.4,17.38
2018-04-24 22:34:12 UTC,0.37,4.7,34.06,16.97
2018-04-24 22:49:12 UTC,0.37,3.43,33.38,16.66
2018-04-24 23:04:12 UTC,0.37,3.46,33.6,16.55
2018-04-24 23:19:12 UTC,0.37,4.56,33.37,16.66
2018-04-24 23:34:12 UTC,0.37,4.42,33.37,16.71
2018-04-24 23:49:12 UTC,0.37,4.12,33.25,16.66
2018-04-25 00:04:12 UTC,0.37,2.88,33.03,16.6
2018-04-25 00:19:12 UTC,0.37,3.89,33.14,16.6
2018-04-25 00:34:12 UTC,0.37,19.54,33.25,17.58
2018-04-25 00:49:10 UTC,0.37,15.83,33.25,17.63
2018-04-25 01:04:10 UTC,0.37,35.47,33.03,19.28
2018-04-25 01:19:10 UTC,0.4,60.71,34.62,21.79
2018-04-25 01:34:10 UTC,0.4,53.34,34.06,22.26
2018-04-25 01:49:10 UTC,0.4,47.24,33.83,22.02
2018-04-25 02:04:10 UTC,0.4,29.94,33.83,23.19
2018-04-25 02:19:10 UTC,0.4,44.62,33.49,21.64
2018-04-25 02:34:10 UTC,0.4,55.72,33.38,25.83
2018-04-25 02:49:10 UTC,0.4,79.51,32.71,28.11
2018-04-25 03:04:10 UTC,0.4,114.26,32.6,31.82
2018-04-25 03:19:10 UTC,0.4,89.33,32.5,31.56
2018-04-25 03:34:10 UTC,0.4,84.79,32.39,33.56
2018-04-25 03:49:10 UTC,0.4,66.38,32.51,30.1
2018-04-25 04:04:10 UTC,0.4,52.47,32.4,29.44
2018-04-25 04:19:10 UTC,0.4,108.39,34.23,31.2
2018-04-25 04:34:10 UTC,0.4,62.33,33.57,32.04
2018-04-25 04:49:10 UTC,0.4,52.99,33.01,30.14
2018-04-25 05:04:10 UTC,0.4,66.38,33.12,30.94
2018-04-25 05:19:10 UTC,0.4,67.47,32.68,31.2
2018-04-25 05:34:10 UTC,0.4,135.17,32.8,39.03
2018-04-25 05:49:10 UTC,0.4,99.42,32.58,38.84
2018-04-25 06:04:10 UTC,0.4,121.64,32.25,40.67
2018-04-25 06:19:10 UTC,0.4,115.04,32.6,41.66
2018-04-25 06:34:10 UTC,0.4,58.32,32.38,39.32
2018-04-25 06:49:10 UTC,0.4,51.47,32.39,32.67
2018-04-25 07:04:10 UTC,0.4,25.57,32.17,32.31
2018-04-25 07:19:10 UTC,0.4,30.88,34.21,30.89
2018-04-25 07:34:10 UTC,0.4,36.12,33.31,29.3
2018-04-25 07:49:10 UTC,0.4,37.93,33.08,28.69
2018-04-25 08:04:10 UTC,0.4,18.86,32.97,27.8
2018-04-25 08:19:10 UTC,0.4,21.48,32.52,26.6
2018-04-25 08:34:10 UTC,0.4,11.49,32.52,25.11
2018-04-25 08:49:10 UTC,0.4,3.9,32.08,24.02
2018-04-25 09:04:10 UTC,0.4,2.07,32.19,23.1
2018-04-25 09:19:10 UTC,0.4,0.33,32.18,22.49
2018-04-25 09:34:10 UTC,0.4,0.1,32.07,22.07
2018-04-25 09:49:10 UTC,0.4,0.1,32.18,21.88
2018-04-25 10:04:10 UTC,0.4,0.1,31.85,21.64
2018-04-25 10:19:10 UTC,0.4,0.1,31.96,21.41
2018-04-25 10:34:10 UTC,0.4,0.1,32.07,21.31
2018-04-25 10:49:10 UTC,0.4,0.1,31.62,21.17
2018-04-25 11:04:10 UTC,0.4,0.1,31.73,21.17
2018-04-25 11:19:10 UTC,0.4,0.1,31.73,20.98
2018-04-25 11:34:10 UTC,0.4,0.1,31.62,21.22
2018-04-25 11:49:10 UTC,0.4,0.1,31.4,21.07
2018-04-25 12:04:10 UTC,0.4,0.1,31.4,20.74
2018-04-25 12:19:10 UTC,0.4,0.1,31.51,20.64
2018-04-25 12:34:10 UTC,0.4,0.1,31.51,20.45
2018-04-25 12:49:10 UTC,0.4,0.1,31.51,20.16
2018-04-25 13:04:10 UTC,0.4,0.1,31.4,20.06
2018-04-25 13:19:10 UTC,0.4,0.1,31.17,19.77
2018-04-25 13:34:10 UTC,0.4,0.1,31.29,19.48
2018-04-25 13:49:10 UTC,0.4,0.1,31.4,19.03
2018-04-25 14:04:10 UTC,0.4,0.1,31.4,18.74
2018-04-25 14:19:10 UTC,0.4,0.1,31.17,18.08
2018-04-25 14:34:10 UTC,0.4,0.1,31.17,17.83
2018-04-25 14:49:10 UTC,0.4,0.1,31.28,17.58
2018-04-25 15:04:10 UTC,0.4,0.1,31.39,16.76
2018-04-25 15:19:10 UTC,0.4,0.1,31.06,17.32
2018-04-25 15:34:10 UTC,0.4,0.1,31.28,17.07
2018-04-25 15:49:10 UTC,0.4,0.1,31.39,17.07
2018-04-25 16:04:10 UTC,0.4,0.1,31.28,16.6
2018-04-25 16:19:10 UTC,0.4,0.1,31.28,15.93
2018-04-25 16:34:10 UTC,0.4,0.1,31.28,15.66
2018-04-25 16:49:10 UTC,0.4,0.1,31.39,16.29
2018-04-25 17:04:10 UTC,0.4,0.1,31.17,16.45
2018-04-25 17:19:10 UTC,0.4,0.1,31.39,16.5
2018-04-25 17:34:10 UTC,0.4,0.1,31.17,16.45
2018-04-25 17:49:10 UTC,0.4,0.1,31.28,15.87
2018-04-25 18:04:10 UTC,0.4,0.1,31.28,15.77
2018-04-25 18:19:10 UTC,0.4,0.1,31.28,15.93
2018-04-25 18:34:10 UTC,0.4,0.1,31.06,15.24
2018-04-25 18:49:10 UTC,0.4,0.1,31.06,13.28
2018-04-25 19:04:10 UTC,0.4,0.1,30.83,13.28
2018-04-25 19:19:10 UTC,0.4,0.1,31.05,12.56
2018-04-25 19:34:10 UTC,0.4,0.1,30.83,11.76
2018-04-25 19:49:10 UTC,0.4,0.2,31.16,11.48
2018-04-25 20:04:10 UTC,0.4,1.27,31.05,11.13
2018-04-25 20:19:10 UTC,0.4,3.64,31.05,11.65
2018-04-25 20:34:10 UTC,0.4,6.14,31.05,12.11
2018-04-25 20:49:10 UTC,0.4,8.88,30.93,12.73
2018-04-25 21:04:10 UTC,0.4,14.38,31.16,13.84
2018-04-25 21:19:10 UTC,0.4,13.06,30.82,14.43
2018-04-25 21:34:10 UTC,0.4,14.79,30.93,15.5
2018-04-25 21:49:10 UTC,0.4,36.79,31.05,17.32
2018-04-25 22:04:10 UTC,0.4,62.33,31.05,26.46
2018-04-25 22:19:10 UTC,0.4,65.58,33.23,26.55
2018-04-25 22:34:10 UTC,0.4,86.55,32.78,30.81
2018-04-25 22:49:10 UTC,0.4,93.85,32.67,33.51
2018-04-25 23:04:10 UTC,0.4,100.62,32.56,36.13
2018-04-25 23:19:10 UTC,0.4,109.8,32.57,38.46
2018-04-25 23:34:10 UTC,0.4,115.83,32.13,38.7
2018-04-25 23:49:10 UTC,0.4,119.92,32.25,40.23
2018-04-26 00:04:09 UTC,0.4,130.01,32.37,40.53
2018-04-26 00:19:09 UTC,0.4,140.73,32.5,41.16
2018-04-26 00:34:09 UTC,0.4,149.31,32.28,41.76
2018-04-26 00:49:09 UTC,0.4,156.08,31.96,42.31
2018-04-26 01:04:09 UTC,0.4,161.95,32.19,42.67
2018-04-26 01:19:09 UTC,0.4,165.05,34.05,42.77
2018-04-26 01:34:09 UTC,0.4,168.26,33.48,42.36
2018-04-26 01:49:09 UTC,0.4,175.07,33.14,42.72
2018-04-26 02:04:09 UTC,0.4,176.85,32.81,43.33
2018-04-26 02:19:09 UTC,0.4,178.68,32.81,41.46
2018-04-26 02:34:09 UTC,0.4,186.34,32.6,42.72
2018-04-26 02:49:09 UTC,0.4,176.85,32.27,42.42
2018-04-26 03:04:09 UTC,0.4,111.99,32.39,41.66
2018-04-26 03:19:09 UTC,0.4,173.32,32.4,41.51
2018-04-26 03:34:09 UTC,0.4,178.68,32.4,40.57
2018-04-26 03:49:09 UTC,0.4,173.32,32.07,41.31
2018-04-26 04:04:09 UTC,0.4,171.6,31.85,41.07
2018-04-26 04:19:09 UTC,0.4,165.05,33.7,42.21
2018-04-26 04:34:09 UTC,0.4,157.51,33.0,40.04
2018-04-26 04:49:09 UTC,0.4,132.03,32.65,40.14
2018-04-26 05:04:09 UTC,0.4,154.68,32.53,40.09
2018-04-26 05:19:09 UTC,0.4,131.01,32.41,41.61
2018-04-26 05:34:09 UTC,0.4,107.02,32.29,40.62
2018-04-26 05:49:09 UTC,0.4,114.26,31.95,39.22
2018-04-26 06:04:09 UTC,0.4,55.72,32.16,32.53
2018-04-26 06:19:09 UTC,0.4,62.33,32.15,33.87
2018-04-26 06:34:09 UTC,0.4,71.58,31.7,34.14
2018-04-26 06:49:09 UTC,0.4,63.3,31.8,34.82
2018-04-26 07:04:09 UTC,0.4,37.4,31.79,28.46
2018-04-26 07:19:09 UTC,0.4,35.0,33.26,27.13
2018-04-26 07:34:09 UTC,0.4,27.47,32.9,25.56
2018-04-26 07:49:09 UTC,0.4,22.42,32.43,24.16
2018-04-26 08:04:09 UTC,0.4,18.25,32.09,23.37
2018-04-26 08:19:09 UTC,0.4,15.93,32.3,22.63
2018-04-26 08:34:09 UTC,0.4,10.76,31.84,21.17
2018-04-26 08:49:09 UTC,0.4,6.22,31.72,20.06
2018-04-26 09:04:09 UTC,0.4,2.86,31.6,18.93
2018-04-26 09:19:09 UTC,0.4,0.74,31.48,17.98
2018-04-26 09:34:09 UTC,0.4,0.1,31.81,17.27
2018-04-26 09:49:09 UTC,0.4,0.1,31.58,16.91
2018-04-26 10:04:09 UTC,0.4,0.1,31.46,16.66
2018-04-26 10:19:09 UTC,0.4,0.1,31.68,16.45
2018-04-26 10:34:09 UTC,0.4,0.1,31.34,16.24
2018-04-26 10:49:09 UTC,0.4,0.1,31.22,16.03
2018-04-26 11:04:09 UTC,0.4,0.1,31.33,15.72
2018-04-26 11:19:09 UTC,0.4,0.1,31.33,15.35
2018-04-26 11:34:09 UTC,0.4,0.1,31.43,15.03
2018-04-26 11:49:09 UTC,0.4,0.1,30.98,14.87
2018-04-26 12:04:09 UTC,0.4,0.1,31.2,14.92
2018-04-26 12:19:04 UTC,0.4,0.1,30.98,14.87
2018-04-26 12:34:04 UTC,0.4,0.1,31.2,14.65
2018-04-26 12:49:04 UTC,0.4,0.1,31.09,14.22
2018-04-26 13:04:04 UTC,0.4,0.1,30.97,14.54
2018-04-26 13:19:04 UTC,0.4,0.1,30.86,14.16
2018-04-26 13:34:04 UTC,0.4,0.1,30.85,13.73
2018-04-26 13:49:04 UTC,0.4,0.1,30.85,13.84
2018-04-26 14:04:04 UTC,0.4,0.1,31.07,14.05
2018-04-26 14:19:04 UTC,0.4,0.1,30.85,13.73
2018-04-26 14:34:04 UTC,0.4,0.1,30.84,14.0
2018-04-26 14:49:04 UTC,0.4,0.1,31.07,14.38
2018-04-26 15:04:04 UTC,0.4,0.1,30.95,14.05
2018-04-26 15:19:04 UTC,0.4,0.1,31.06,14.11
2018-04-26 15:34:04 UTC,0.4,0.1,31.06,13.89
2018-04-26 15:49:04 UTC,0.4,0.1,30.95,14.54
2018-04-26 16:04:04 UTC,0.4,0.1,30.84,13.84
2018-04-26 16:19:04 UTC,0.4,0.1,31.17,14.22
2018-04-26 16:34:04 UTC,0.4,0.1,30.95,13.78
2018-04-26 16:49:04 UTC,0.4,0.1,30.72,13.28
2018-04-26 17:04:04 UTC,0.4,0.1,31.16,13.73
2018-04-26 17:19:04 UTC,0.4,0.1,30.94,13.67
2018-04-26 17:34:04 UTC,0.4,0.1,30.94,13.45
2018-04-26 17:49:04 UTC,0.4,0.1,30.94,13.73
2018-04-26 18:04:04 UTC,0.4,0.1,30.94,13.89
2018-04-26 18:19:04 UTC,0.4,0.1,30.82,12.67
2018-04-26 18:34:04 UTC,0.4,0.1,30.93,12.67
2018-04-26 18:49:04 UTC,0.4,0.1,30.93,13.34
2018-04-26 19:04:04 UTC,0.4,0.1,31.04,13.73
2018-04-26 19:19:04 UTC,0.4,0.1,31.04,13.4
2018-04-26 19:34:04 UTC,0.4,0.1,31.04,13.17
2018-04-26 19:49:04 UTC,0.4,0.1,30.93,12.95
2018-04-26 20:04:04 UTC,0.4,0.74,30.82,12.95
2018-04-26 20:19:04 UTC,0.4,2.49,30.93,13.01
2018-04-26 20:34:04 UTC,0.4,5.96,30.93,13.73
2018-04-26 20:49:04 UTC,0.4,8.54,30.82,14.76
2018-04-26 21:04:04 UTC,0.4,12.32,30.82,16.03
2018-04-26 21:19:04 UTC,0.4,17.01,30.93,17.12
2018-04-26 21:34:04 UTC,0.4,22.62,30.82,18.44
2018-04-26 21:49:04 UTC,0.4,35.23,30.94,21.31
2018-04-26 22:04:04 UTC,0.4,39.64,31.05,22.12
2018-04-26 22:19:04 UTC,0.4,48.09,33.34,25.61
2018-04-26 22:34:04 UTC,0.4,67.75,33.0,28.11
2018-04-26 22:49:04 UTC,0.4,55.34,32.55,27.4
2018-04-26 23:04:04 UTC,0.4,65.32,32.22,28.38
2018-04-26 23:19:04 UTC,0.4,60.04,32.33,29.57
2018-04-26 23:34:04 UTC,0.4,84.79,32.22,29.83
2018-04-26 23:49:04 UTC,0.4,113.49,32.12,33.38
2018-04-27 00:04:04 UTC,0.4,119.92,32.24,36.18
2018-04-27 00:19:04 UTC,0.4,85.66,32.25,33.51
2018-04-27 00:34:04 UTC,0.4,87.0,32.03,31.87
2018-04-27 00:49:04 UTC,0.4,86.1,32.14,33.11
2018-04-27 01:04:04 UTC,0.4,85.66,31.92,33.16
2018-04-27 01:19:04 UTC,0.4,91.79,33.88,34.64
2018-04-27 01:34:04 UTC,0.4,94.38,33.42,33.78
2018-04-27 01:49:04 UTC,0.4,83.51,33.08,32.98
2018-04-27 02:04:04 UTC,0.4,86.1,32.97,33.11
2018-04-27 02:19:04 UTC,0.4,68.03,32.63,32.71
2018-04-27 02:34:04 UTC,0.4,96.56,32.3,32.09
2018-04-27 02:49:04 UTC,0.4,89.33,32.41,33.78
2018-04-27 03:04:04 UTC,0.4,51.8,32.08,29.26
2018-04-27 03:19:04 UTC,0.4,54.78,32.19,29.48
2018-04-27 03:34:04 UTC,0.4,57.29,31.96,29.13
2018-04-27 03:49:04 UTC,0.4,52.47,32.07,28.38
2018-04-27 04:04:04 UTC,0.4,40.86,32.07,27.67
2018-04-27 04:19:04 UTC,0.35,47.52,34.01,28.2
2018-04-27 04:34:04 UTC,0.35,65.06,33.1,29.17
2018-04-27 04:49:04 UTC,0.35,66.38,32.98,30.1
2018-04-27 05:04:04 UTC,0.35,50.66,32.86,27.58
2018-04-27 05:19:04 UTC,0.35,30.88,32.74,24.29
2018-04-27 05:34:04 UTC,0.35,26.85,32.28,24.02
2018-04-27 05:49:04 UTC,0.35,38.3,31.53,23.88
2018-04-27 06:04:04 UTC,0.35,34.85,31.42,23.51
2018-04-27 06:19:04 UTC,0.35,42.94,31.19,23.97
2018-04-27 06:34:04 UTC,0.35,46.29,31.19,25.25
2018-04-27 06:49:04 UTC,0.35,45.12,30.97,25.34
2018-04-27 07:04:04 UTC,0.35,21.18,30.96,23.47
2018-04-27 07:19:04 UTC,0.35,25.36,33.33,23.05
2018-04-27 07:34:04 UTC,0.35,22.72,32.54,22.49
2018-04-27 07:49:04 UTC,0.35,18.5,32.3,22.77
2018-04-27 08:04:04 UTC,0.35,14.48,31.85,22.26
2018-04-27 08:19:04 UTC,0.35,14.51,31.84,22.02
2018-04-27 08:34:04 UTC,0.35,10.87,31.51,21.79
2018-04-27 08:49:04 UTC,0.35,6.52,31.28,20.79
2018-04-27 09:04:04 UTC,0.35,2.84,31.61,19.72
2018-04-27 09:19:04 UTC,0.35,1.04,31.49,18.69
2018-04-27 09:34:04 UTC,0.35,0.1,30.93,17.68
2018-04-27 09:49:04 UTC,0.35,0.1,31.04,17.27
2018-04-27 10:04:04 UTC,0.35,0.1,31.04,17.07
2018-04-27 10:19:04 UTC,0.35,0.1,31.03,16.55
2018-04-27 10:34:04 UTC,0.35,0.1,30.92,16.24
2018-04-27 10:49:04 UTC,0.35,0.1,30.8,16.14
2018-04-27 11:04:04 UTC,0.35,0.1,30.8,16.45
2018-04-27 11:19:04 UTC,0.35,0.1,30.69,16.55
2018-04-27 11:34:04 UTC,0.35,0.1,30.8,16.4
2018-04-27 11:49:04 UTC,0.35,0.1,30.68,16.19
2018-04-27 12:04:04 UTC,0.35,0.1,30.68,15.93
2018-04-27 12:19:04 UTC,0.35,0.1,30.34,15.5
2018-04-27 12:34:04 UTC,0.35,0.1,30.79,15.35
2018-04-27 12:49:04 UTC,0.35,0.1,30.67,15.77
2018-04-27 13:04:04 UTC,0.35,0.1,30.67,15.66
2018-04-27 13:19:04 UTC,0.35,0.1,30.56,15.61
2018-04-27 13:34:04 UTC,0.35,0.1,30.22,15.03
2018-04-27 13:49:04 UTC,0.35,0.1,30.22,14.92
2018-04-27 14:04:04 UTC,0.35,0.1,30.44,14.49
2018-04-27 14:19:04 UTC,0.35,0.1,30.44,14.6
2018-04-27 14:34:04 UTC,0.35,0.1,30.1,15.19
2018-04-27 14:49:04 UTC,0.35,0.1,30.55,14.7
2018-04-27 15:04:04 UTC,0.35,0.1,30.33,13.56
2018-04-27 15:19:04 UTC,0.35,0.1,30.32,12.95
2018-04-27 15:34:04 UTC,0.35,0.1,29.99,12.73
2018-04-27 15:49:04 UTC,0.35,0.1,30.21,12.5
2018-04-27 16:04:04 UTC,0.35,0.1,29.98,12.05
2018-04-27 16:19:04 UTC,0.35,0.1,30.21,11.99
2018-04-27 16:34:04 UTC,0.35,0.1,29.98,11.71
2018-04-27 16:49:04 UTC,0.35,0.1,29.98,11.65
2018-04-27 17:04:04 UTC,0.35,0.1,30.09,11.42
2018-04-27 17:19:04 UTC,0.35,0.1,30.2,11.3
2018-04-27 17:34:04 UTC,0.35,0.1,30.09,10.66
2018-04-27 17:49:04 UTC,0.35,0.1,30.09,10.84
2018-04-27 18:04:04 UTC,0.35,0.1,29.97,10.72
2018-04-27 18:19:04 UTC,0.35,0.1,29.86,10.19
2018-04-27 18:34:04 UTC,0.35,0.1,29.97,10.61
2018-04-27 18:49:04 UTC,0.35,0.1,29.97,10.43
2018-04-27 19:04:04 UTC,0.35,0.1,29.97,10.02
2018-04-27 19:19:04 UTC,0.35,0.1,29.97,9.78
2018-04-27 19:34:04 UTC,0.35,0.1,29.97,9.84
2018-04-27 19:49:04 UTC,0.35,0.26,30.08,10.13
2018-04-27 20:04:04 UTC,0.35,1.49,30.08,10.08
2018-04-27 20:19:04 UTC,0.35,3.7,30.19,10.19
2018-04-27 20:34:04 UTC,0.35,6.36,29.85,10.66
2018-04-27 20:49:04 UTC,0.35,8.93,29.97,10.84
2018-04-27 21:04:04 UTC,0.35,16.52,29.97,14.0
2018-04-27 21:19:04 UTC,0.35,13.86,30.08,13.51
2018-04-27 21:34:04 UTC,0.35,15.59,29.97,14.43
2018-04-27 21:49:04 UTC,0.35,31.69,30.08,18.13
2018-04-27 22:04:04 UTC,0.35,44.13,30.08,22.72
2018-04-27 22:19:04 UTC,0.35,67.75,32.48,26.95
2018-04-27 22:34:04 UTC,0.35,79.89,32.14,30.94
2018-04-27 22:49:04 UTC,0.35,93.33,31.69,34.5
2018-04-27 23:04:04 UTC,0.35,100.62,31.69,37.47
2018-04-27 23:19:04 UTC,0.35,106.34,31.7,38.13
2018-04-27 23:34:04 UTC,0.35,113.49,31.59,39.41
2018-04-27 23:49:04 UTC,0.35,124.32,31.37,39.56
2018-04-28 00:04:04 UTC,0.35,134.1,31.38,41.66
2018-04-28 00:19:04 UTC,0.35,143.08,31.39,43.33
2018-04-28 00:33:20 UTC,0.35,150.62,31.17,43.28
2018-04-28 00:48:20 UTC,0.35,156.08,31.18,43.7
2018-04-28 01:03:20 UTC,0.35,160.44,31.18,43.85
2018-04-28 01:18:20 UTC,0.35,163.48,33.14,44.22
2018-04-28 01:33:20 UTC,0.35,166.64,32.79,43.08
2018-04-28 01:48:20 UTC,0.35,169.91,32.45,44.59
2018-04-28 02:03:20 UTC,0.35,171.6,32.23,42.72
2018-04-28 02:18:20 UTC,0.35,169.91,31.79,41.76
2018-04-28 02:33:20 UTC,0.35,146.75,31.8,41.46
2018-04-28 02:48:20 UTC,0.35,169.91,31.47,39.32
2018-04-28 03:03:20 UTC,0.35,169.91,31.69,41.61
2018-04-28 03:18:20 UTC,0.35,168.26,31.47,39.65
2018-04-28 03:33:20 UTC,0.35,166.64,31.36,38.65
2018-04-28 03:48:20 UTC,0.35,163.48,31.14,39.65
2018-04-28 04:03:20 UTC,0.35,158.96,31.02,38.46
2018-04-28 04:18:20 UTC,0.35,153.3,33.08,37.75
2018-04-28 04:33:20 UTC,0.35,148.02,32.62,37.94
2018-04-28 04:48:20 UTC,0.35,143.08,32.16,37.06
2018-04-28 05:03:20 UTC,0.35,136.24,31.82,38.41
2018-04-28 05:18:20 UTC,0.35,132.03,31.71,36.0
2018-04-28 05:33:20 UTC,0.35,121.64,31.26,37.38
2018-04-28 05:48:20 UTC,0.35,112.74,31.15,36.32
2018-04-28 06:03:20 UTC,0.35,106.34,31.25,35.72
2018-04-28 06:18:20 UTC,0.35,96.01,31.14,36.5
2018-04-28 06:33:20 UTC,0.35,87.0,31.14,35.36
2018-04-28 06:48:20 UTC,0.35,76.21,30.8,33.6
2018-04-28 07:03:20 UTC,0.35,67.75,31.02,32.89
2018-04-28 07:18:20 UTC,0.35,59.38,32.5,31.34
2018-04-28 07:33:20 UTC,0.35,31.5,32.25,27.89
2018-04-28 07:48:20 UTC,0.35,17.66,31.79,23.37
2018-04-28 08:03:20 UTC,0.35,15.49,31.44,22.49
2018-04-28 08:18:20 UTC,0.35,12.45,31.32,21.45
2018-04-28 08:33:20 UTC,0.35,9.56,31.42,20.64
2018-04-28 08:48:20 UTC,0.35,6.59,30.97,19.96
2018-04-28 09:03:20 UTC,0.35,3.62,30.74,19.38
2018-04-28 09:18:20 UTC,0.35,1.27,30.95,18.74
2018-04-28 09:33:20 UTC,0.35,0.2,30.72,18.24
2018-04-28 09:48:20 UTC,0.35,0.1,30.94,17.93
2018-04-28 10:03:20 UTC,0.35,0.1,30.93,17.53
2018-04-28 10:18:20 UTC,0.35,0.1,30.59,17.12
2018-04-28 10:33:20 UTC,0.35,0.1,30.59,16.66
2018-04-28 10:48:20 UTC,0.35,0.1,30.7,16.34
2018-04-28 11:03:20 UTC,0.35,0.1,30.69,15.72
2018-04-28 11:18:20 UTC,0.35,0.1,30.69,15.72
2018-04-28 11:33:20 UTC,0.35,0.1,30.58,15.93
2018-04-28 11:48:20 UTC,0.35,0.1,30.46,15.77
2018-04-28 12:03:20 UTC,0.35,0.1,30.46,15.5
2018-04-28 12:18:20 UTC,0.35,0.1,30.23,15.24
2018-04-28 12:33:20 UTC,0.35,0.1,30.34,14.81
2018-04-28 12:48:20 UTC,0.35,0.1,30.57,15.08
2018-04-28 13:03:20 UTC,0.35,0.1,30.34,15.77
2018-04-28 13:18:20 UTC,0.35,0.1,30.23,15.61
2018-04-28 13:33:20 UTC,0.35,0.1,30.34,14.81
2018-04-28 13:48:20 UTC,0.35,0.1,30.11,14.81
2018-04-28 14:03:20 UTC,0.35,0.1,30.34,14.7
2018-04-28 14:18:20 UTC,0.35,0.1,30.44,13.45
2018-04-28 14:33:20 UTC,0.35,0.1,30.22,13.34
2018-04-28 14:48:20 UTC,0.35,0.1,30.22,13.12
2018-04-28 15:03:20 UTC,0.35,0.1,30.22,12.84
2018-04-28 15:18:20 UTC,0.35,0.1,30.22,12.5
2018-04-28 15:33:20 UTC,0.35,0.1,29.99,12.28
2018-04-28 15:48:20 UTC,0.35,0.1,29.99,12.33
2018-04-28 16:03:20 UTC,0.35,0.1,30.21,12.11
2018-04-28 16:18:20 UTC,0.35,0.1,30.32,11.88
2018-04-28 16:33:20 UTC,0.35,0.1,30.21,11.71
2018-04-28 16:48:20 UTC,0.35,0.1,30.09,11.65
2018-04-28 17:03:20 UTC,0.35,0.1,29.87,11.54
2018-04-28 17:18:20 UTC,0.35,0.1,30.32,11.42
2018-04-28 17:33:20 UTC,0.35,0.1,30.32,11.3
2018-04-28 17:48:20 UTC,0.35,0.1,29.98,11.19
2018-04-28 18:03:20 UTC,0.35,0.1,29.87,11.07
2018-04-28 18:18:20 UTC,0.35,0.1,30.09,11.07
2018-04-28 18:33:20 UTC,0.35,0.1,29.98,10.96
2018-04-28 18:48:20 UTC,0.35,0.1,30.09,10.9
2018-04-28 19:03:20 UTC,0.35,0.1,30.08,10.78
2018-04-28 19:18:20 UTC,0.35,0.1,29.86,10.55
2018-04-28 19:33:20 UTC,0.35,0.1,30.08,10.66
2018-04-28 19:48:20 UTC,0.35,0.29,30.19,10.49
2018-04-28 20:03:20 UTC,0.35,1.52,30.08,10.61
2018-04-28 20:18:20 UTC,0.35,4.04,29.86,11.07
2018-04-28 20:33:20 UTC,0.35,7.41,29.97,11.88
2018-04-28 20:48:20 UTC,0.35,11.23,29.97,13.01
2018-04-28 21:03:20 UTC,0.35,16.29,29.86,15.08
2018-04-28 21:18:20 UTC,0.35,18.88,30.08,15.45
2018-04-28 21:33:20 UTC,0.35,22.92,29.98,16.66
2018-04-28 21:48:20 UTC,0.35,33.3,30.09,20.83
2018-04-28 22:03:20 UTC,0.35,49.42,30.09,25.74
2018-04-28 22:18:20 UTC,0.35,64.29,32.72,28.11
2018-04-28 22:33:20 UTC,0.35,73.17,31.82,29.97
2018-04-28 22:48:20 UTC,0.35,85.22,31.82,32.4
2018-04-28 23:03:20 UTC,0.35,93.33,31.82,34.45
2018-04-28 23:18:20 UTC,0.35,101.22,31.72,36.55
2018-04-28 23:33:20 UTC,0.35,107.7,31.28,37.29
2018-04-28 23:48:20 UTC,0.35,115.83,31.39,38.04
2018-04-29 00:03:20 UTC,0.35,126.16,31.18,38.93
2018-04-29 00:18:20 UTC,0.35,136.24,31.29,39.89
2018-04-29 00:33:20 UTC,0.35,145.51,31.3,40.09
2018-04-29 00:48:20 UTC,0.35,150.62,31.2,40.23
2018-04-29 01:03:20 UTC,0.35,156.08,31.09,40.38
2018-04-29 01:18:20 UTC,0.36,157.51,33.38,41.71
2018-04-29 01:33:20 UTC,0.36,160.44,32.7,41.66
2018-04-29 01:48:20 UTC,0.36,166.64,32.36,42.72
2018-04-29 02:03:20 UTC,0.36,168.26,31.92,40.28
2018-04-29 02:18:20 UTC,0.36,168.26,31.81,41.21
2018-04-29 02:33:20 UTC,0.36,118.25,31.82,39.51
2018-04-29 02:48:20 UTC,0.36,166.64,31.71,40.48
2018-04-29 03:03:20 UTC,0.36,168.26,31.72,41.26
2018-04-29 03:18:20 UTC,0.36,166.64,31.5,40.62
2018-04-29 03:33:20 UTC,0.36,165.05,31.39,39.6
2018-04-29 03:48:20 UTC,0.36,160.44,31.4,38.18
2018-04-29 04:03:20 UTC,0.36,157.51,31.18,37.99
2018-04-29 04:18:20 UTC,0.36,153.3,33.14,38.7
2018-04-29 04:33:20 UTC,0.36,146.75,32.67,38.04
2018-04-29 04:48:20 UTC,0.36,143.08,32.11,38.08
2018-04-29 05:03:20 UTC,0.36,136.24,31.99,38.08
2018-04-29 05:18:20 UTC,0.36,129.03,31.54,38.04
2018-04-29 05:33:20 UTC,0.36,122.52,31.42,37.15
2018-04-29 05:48:20 UTC,0.36,112.74,31.42,36.82
2018-04-29 06:03:20 UTC,0.36,107.02,31.31,37.57
2018-04-29 06:18:20 UTC,0.36,96.01,31.19,36.46
2018-04-29 06:33:20 UTC,0.36,86.1,31.08,35.63
2018-04-29 06:48:20 UTC,0.36,76.56,30.96,34.54
2018-04-29 07:03:20 UTC,0.36,69.17,30.96,33.78
2018-04-29 07:18:20 UTC,0.36,57.09,32.88,32.18
2018-04-29 07:33:20 UTC,0.36,42.26,32.3,30.76
2018-04-29 07:48:20 UTC,0.36,19.12,31.83,25.56
2018-04-29 08:03:20 UTC,0.36,16.42,31.48,24.61
2018-04-29 08:18:20 UTC,0.36,13.11,31.36,23.79
2018-04-29 08:33:20 UTC,0.36,10.15,31.23,23.05
2018-04-29 08:48:20 UTC,0.36,7.0,31.0,22.3
2018-04-29 09:03:20 UTC,0.36,3.8,30.77,21.26
2018-04-29 09:18:20 UTC,0.36,1.37,31.21,20.3
2018-04-29 09:33:20 UTC,0.36,0.23,30.86,19.08
2018-04-29 09:48:20 UTC,0.36,0.1,30.97,17.78
2018-04-29 10:03:20 UTC,0.36,0.1,30.74,17.17
2018-04-29 10:18:20 UTC,0.36,0.1,30.84,16.66
2018-04-29 10:33:20 UTC,0.36,0.1,30.61,16.24
2018-04-29 10:48:20 UTC,0.36,0.1,30.83,15.77
2018-04-29 11:03:20 UTC,0.36,0.1,30.6,15.61
2018-04-29 11:18:20 UTC,0.36,0.1,30.6,16.97
2018-04-29 11:33:20 UTC,0.36,0.1,30.7,18.78
2018-04-29 11:48:20 UTC,0.36,0.1,30.7,18.13
2018-04-29 12:03:20 UTC,0.36,0.1,30.59,17.98
2018-04-29 12:18:20 UTC,0.36,0.1,30.58,17.43
2018-04-29 12:33:20 UTC,0.36,0.1,30.69,17.68
2018-04-29 12:48:20 UTC,0.36,0.1,30.24,17.63
2018-04-29 13:03:20 UTC,0.36,0.1,30.24,17.48
2018-04-29 13:18:20 UTC,0.36,0.1,30.35,17.27
2018-04-29 13:33:20 UTC,0.36,0.1,30.57,16.5
2018-04-29 13:48:20 UTC,0.36,0.1,30.46,16.45
2018-04-29 14:03:20 UTC,0.36,0.1,30.57,17.22
2018-04-29 14:18:20 UTC,0.36,0.1,30.34,17.02
2018-04-29 14:33:20 UTC,0.36,0.1,30.23,15.61
2018-04-29 14:48:20 UTC,0.36,0.1,30.34,15.93
2018-04-29 15:03:20 UTC,0.36,0.1,30.33,15.93
2018-04-29 15:18:20 UTC,0.36,0.1,30.56,15.13
2018-04-29 15:33:20 UTC,0.36,0.1,30.44,14.7
2018-04-29 15:48:20 UTC,0.36,0.1,30.44,14.65
2018-04-29 16:03:20 UTC,0.36,0.1,30.33,15.24
2018-04-29 16:18:20 UTC,0.36,0.1,30.33,15.56
2018-04-29 16:33:20 UTC,0.36,0.1,30.1,14.49
2018-04-29 16:48:20 UTC,0.36,0.1,30.32,14.49
2018-04-29 17:03:20 UTC,0.36,0.1,30.32,15.45
2018-04-29 17:18:20 UTC,0.36,0.1,30.1,14.49
2018-04-29 17:33:20 UTC,0.36,0.1,30.43,14.54
2018-04-29 17:48:20 UTC,0.36,0.1,30.32,14.54
2018-04-29 18:03:20 UTC,0.36,0.1,30.43,14.38
2018-04-29 18:18:20 UTC,0.36,0.1,30.2,14.81
2018-04-29 18:33:20 UTC,0.36,0.1,30.43,15.03
2018-04-29 18:48:20 UTC,0.36,0.1,30.2,14.92
2018-04-29 19:03:20 UTC,0.36,0.1,30.09,14.22
2018-04-29 19:18:20 UTC,0.36,0.1,30.31,14.43
2018-04-29 19:33:20 UTC,0.36,0.1,30.2,14.33
2018-04-29 19:48:20 UTC,0.36,0.4,30.09,12.9
2018-04-29 20:03:20 UTC,0.36,1.93,30.2,13.51
2018-04-29 20:18:20 UTC,0.36,4.58,30.2,14.87
2018-04-29 20:33:20 UTC,0.36,7.41,29.97,15.03
2018-04-29 20:48:20 UTC,0.36,11.05,30.2,15.72
2018-04-29 21:03:20 UTC,0.36,19.59,30.09,20.93
2018-04-29 21:18:20 UTC,0.36,18.08,29.86,19.23
2018-04-29 21:33:20 UTC,0.36,23.37,30.42,20.21
2018-04-29 21:48:20 UTC,0.36,28.21,30.09,24.75
2018-04-29 22:03:20 UTC,0.36,83.93,30.32,32.44
2018-04-29 22:18:20 UTC,0.36,36.28,33.17,29.0
2018-04-29 22:33:20 UTC,0.36,63.79,32.38,27.4
2018-04-29 22:48:20 UTC,0.36,99.42,32.27,37.01
2018-04-29 23:03:20 UTC,0.36,108.39,31.94,37.24
2018-04-29 23:18:20 UTC,0.36,97.69,31.83,41.02
2018-04-29 23:33:20 UTC,0.36,132.03,31.61,40.92
2018-04-29 23:48:20 UTC,0.36,74.49,31.62,34.36
2018-04-30 00:03:20 UTC,0.36,111.99,31.62,38.65
2018-04-30 00:18:20 UTC,0.36,146.75,31.4,42.92
2018-04-30 00:33:20 UTC,0.36,161.95,31.41,42.26
2018-04-30 00:48:20 UTC,0.36,157.51,31.42,43.44
2018-04-30 01:03:20 UTC,0.36,169.91,31.2,45.65
2018-04-30 01:18:20 UTC,0.28,81.46,33.5,36.5
2018-04-30 01:33:20 UTC,0.28,180.53,32.92,42.77
2018-04-30 01:48:20 UTC,0.28,113.49,32.58,44.01
2018-04-30 02:03:20 UTC,0.28,157.51,32.14,43.39
2018-04-30 02:18:20 UTC,0.28,165.05,32.14,41.66
2018-04-30 02:33:20 UTC,0.28,109.8,31.92,39.17
2018-04-30 02:48:20 UTC,0.28,171.6,31.93,39.12
2018-04-30 03:03:20 UTC,0.28,171.6,31.93,40.97
2018-04-30 03:18:20 UTC,0.28,171.6,31.6,39.8
2018-04-30 03:33:20 UTC,0.28,169.91,31.38,39.22
2018-04-30 03:48:20 UTC,0.28,169.91,31.49,39.03
2018-04-30 04:03:20 UTC,0.28,171.6,31.5,40.09
2018-04-30 04:18:20 UTC,0.28,75.17,33.46,32.89
2018-04-30 04:33:20 UTC,0.28,72.85,32.65,33.02
2018-04-30 04:48:20 UTC,0.28,64.29,32.08,30.32
2018-04-30 05:03:20 UTC,0.28,173.32,31.96,38.51
2018-04-30 05:18:20 UTC,0.28,84.79,31.73,35.91
2018-04-30 05:33:20 UTC,0.28,61.62,31.5,30.89
2018-04-30 05:48:20 UTC,0.28,63.79,31.38,32.84
2018-04-30 06:03:20 UTC,0.28,60.48,31.48,32.0
2018-04-30 06:18:20 UTC,0.28,49.57,31.14,29.57
2018-04-30 06:33:20 UTC,0.28,45.63,31.24,29.7
2018-04-30 06:48:20 UTC,0.28,43.06,31.12,29.44
2018-04-30 07:03:20 UTC,0.28,31.5,31.01,29.04
2018-04-30 07:18:20 UTC,0.28,29.0,31.0,28.15
2018-04-30 07:33:20 UTC,0.28,24.02,31.1,28.33
2018-04-30 07:48:20 UTC,0.28,26.58,30.98,27.53
2018-04-30 08:03:20 UTC,0.28,17.91,30.87,27.93
2018-04-30 08:18:20 UTC,0.28,9.36,30.75,26.42
2018-04-30 08:33:20 UTC,0.28,6.07,30.74,24.84
2018-04-30 08:48:20 UTC,0.28,2.82,30.62,23.93
2018-04-30 09:03:20 UTC,0.28,1.58,30.61,22.96
2018-04-30 09:18:20 UTC,0.28,0.47,30.47,22.54
2018-04-30 09:33:20 UTC,0.28,0.1,30.47,22.12
2018-04-30 09:48:20 UTC,0.28,0.1,30.46,21.69
2018-04-30 10:03:20 UTC,0.28,0.1,30.34,21.55
2018-04-30 10:18:20 UTC,0.28,0.1,30.22,21.36
2018-04-30 10:33:20 UTC,0.28,0.1,30.33,20.74
2018-04-30 10:48:20 UTC,0.28,0.1,30.32,20.55
2018-04-30 11:03:20 UTC,0.28,0.1,30.32,20.3
2018-04-30 11:18:20 UTC,0.28,0.1,30.31,19.28
2018-04-30 11:33:20 UTC,0.28,0.1,30.19,18.98
2018-04-30 11:48:20 UTC,0.28,0.1,30.19,18.83
2018-04-30 12:03:20 UTC,0.28,0.1,30.18,18.34
2018-04-30 12:18:20 UTC,0.28,0.1,30.29,18.64
2018-04-30 12:33:20 UTC,0.28,0.1,29.84,18.08
2018-04-30 12:48:20 UTC,0.28,0.1,30.06,17.58
2018-04-30 13:03:20 UTC,0.28,0.1,30.05,17.98
2018-04-30 13:18:20 UTC,0.28,0.1,29.94,17.48
2018-04-30 13:33:20 UTC,0.28,0.1,30.05,16.55
2018-04-30 13:48:20 UTC,0.28,0.1,30.04,16.03
2018-04-30 14:03:20 UTC,0.28,0.1,29.81,15.87
2018-04-30 14:18:20 UTC,0.28,0.1,30.03,15.61
2018-04-30 14:33:20 UTC,0.28,0.1,30.03,15.5
2018-04-30 14:48:20 UTC,0.28,0.1,30.03,15.24
2018-04-30 15:03:20 UTC,0.28,0.1,29.92,15.03
2018-04-30 15:18:20 UTC,0.28,0.1,29.91,14.92
2018-04-30 15:33:20 UTC,0.28,0.1,29.91,15.08
2018-04-30 15:48:20 UTC,0.28,0.1,29.69,15.03
2018-04-30 16:03:20 UTC,0.28,0.1,29.69,14.87
2018-04-30 16:18:20 UTC,0.28,0.1,29.69,15.08
2018-04-30 16:33:20 UTC,0.28,0.1,30.02,14.6
2018-04-30 16:48:20 UTC,0.28,0.1,29.91,14.22
2018-04-30 17:03:20 UTC,0.28,0.1,29.68,14.05
2018-04-30 17:18:20 UTC,0.28,0.1,29.79,13.89
2018-04-30 17:33:20 UTC,0.28,0.1,29.9,13.84
2018-04-30 17:48:20 UTC,0.28,0.1,30.02,13.95
2018-04-30 18:03:20 UTC,0.28,0.1,29.68,14.0
2018-04-30 18:18:20 UTC,0.28,0.1,29.79,14.05
2018-04-30 18:33:20 UTC,0.28,0.1,30.01,13.89
2018-04-30 18:48:20 UTC,0.28,0.1,29.9,13.67
2018-04-30 19:03:20 UTC,0.28,0.1,30.01,13.45
2018-04-30 19:18:20 UTC,0.28,0.1,29.68,13.45
2018-04-30 19:33:20 UTC,0.28,0.1,29.79,13.17
2018-04-30 19:48:20 UTC,0.28,0.42,29.79,13.12
2018-04-30 20:03:20 UTC,0.28,1.93,29.56,13.28
2018-04-30 20:18:20 UTC,0.28,4.72,29.9,13.67
2018-04-30 20:33:20 UTC,0.28,8.02,29.56,14.22
2018-04-30 20:48:20 UTC,0.28,11.32,29.79,14.92
2018-04-30 21:03:20 UTC,0.28,17.02,29.57,17.93
2018-04-30 21:18:20 UTC,0.28,18.27,30.02,17.27
2018-04-30 21:33:20 UTC,0.28,20.67,30.02,18.69
2018-04-30 21:48:20 UTC,0.28,45.63,29.91,25.88
2018-04-30 22:03:20 UTC,0.28,64.54,29.81,30.59
2018-04-30 22:18:20 UTC,0.28,75.17,29.71,35.13
2018-04-30 22:33:20 UTC,0.28,83.93,30.05,36.92
2018-04-30 22:48:20 UTC,0.28,93.33,29.95,38.32
2018-04-30 23:03:20 UTC,0.28,102.46,29.96,40.77
2018-04-30 23:18:20 UTC,0.28,109.09,29.86,42.57
2018-04-30 23:33:20 UTC,0.28,115.83,30.21,43.28
2018-04-30 23:48:20 UTC,0.28,122.52,30.12,43.75
2018-05-01 00:03:20 UTC,0.28,134.1,30.36,44.74
2018-05-01 00:18:20 UTC,0.28,141.9,30.26,45.38
2018-05-01 00:33:20 UTC,0.28,150.62,30.15,45.71
2018-05-01 00:48:20 UTC,0.28,154.68,30.5,44.96
2018-05-01 01:03:20 UTC,0.28,158.96,30.29,45.38
2018-05-01 01:18:20 UTC,0.28,163.48,30.19,44.43
2018-05-01 01:33:20 UTC,0.28,166.64,30.53,45.82
2018-05-01 01:48:20 UTC,0.28,169.91,30.2,46.25
2018-05-01 02:03:20 UTC,0.2,199.12,33.57,46.3
2018-05-01 02:18:20 UTC,0.2,196.87,32.79,42.42
2018-05-01 02:33:20 UTC,0.2,124.32,32.09,45.06
2018-05-01 02:48:20 UTC,0.2,144.29,31.97,44.85
2018-05-01 03:03:20 UTC,0.2,163.48,31.52,44.37
2018-05-01 03:18:20 UTC,0.2,165.05,31.41,44.9
2018-05-01 03:33:20 UTC,0.2,153.3,31.4,43.75
2018-05-01 03:48:20 UTC,0.2,137.34,31.18,43.13
2018-05-01 04:03:20 UTC,0.2,148.02,31.4,43.8
2018-05-01 04:18:20 UTC,0.2,136.24,33.03,42.72
2018-05-01 04:33:20 UTC,0.2,107.7,32.45,41.41
2018-05-01 04:48:20 UTC,0.2,146.75,32.21,42.26
2018-05-01 05:03:20 UTC,0.2,134.1,31.97,41.61
2018-05-01 05:18:20 UTC,0.2,108.39,31.74,40.62
2018-05-01 05:33:20 UTC,0.2,104.36,31.4,39.08
2018-05-01 05:48:20 UTC,0.2,111.99,31.17,40.82
2018-05-01 06:03:20 UTC,0.2,106.34,31.28,39.08
2018-05-01 06:18:20 UTC,0.2,100.02,31.05,38.89
2018-05-01 06:33:20 UTC,0.2,85.66,30.82,37.99
2018-05-01 06:48:20 UTC,0.2,65.84,30.93,38.22
2018-05-01 07:03:20 UTC,0.2,68.59,30.69,37.24
2018-05-01 07:18:20 UTC,0.2,60.26,32.73,36.04
2018-05-01 07:33:20 UTC,0.2,48.24,32.23,33.78
2018-05-01 07:48:20 UTC,0.2,19.97,31.49,28.15
2018-05-01 08:03:20 UTC,0.2,16.87,31.02,26.46
2018-05-01 08:18:20 UTC,0.2,13.95,31.11,25.79
2018-05-01 08:33:20 UTC,0.2,10.02,30.54,24.79
2018-05-01 08:48:20 UTC,0.2,6.28,30.53,23.79
2018-05-01 09:03:20 UTC,0.2,3.16,30.51,22.82
2018-05-01 09:18:20 UTC,0.2,1.17,30.39,22.16
2018-05-01 09:33:20 UTC,0.2,0.25,30.15,21.6
2018-05-01 09:48:20 UTC,0.2,0.1,30.03,21.12
2018-05-01 10:03:20 UTC,0.2,0.1,30.14,20.45
2018-05-01 10:18:20 UTC,0.2,0.1,29.91,20.16
2018-05-01 10:33:20 UTC,0.2,0.1,29.91,19.48
2018-05-01 10:48:20 UTC,0.2,0.1,29.9,18.44
2018-05-01 11:03:20 UTC,0.2,0.1,29.78,17.88
2018-05-01 11:18:20 UTC,0.2,0.1,29.56,17.83
2018-05-01 11:33:20 UTC,0.2,0.1,29.78,17.88
2018-05-01 11:48:20 UTC,0.2,0.1,29.77,17.78
2018-05-01 12:03:20 UTC,0.2,0.1,29.66,17.43
2018-05-01 12:18:20 UTC,0.2,0.1,29.77,17.27
2018-05-01 12:33:20 UTC,0.2,0.1,29.66,17.17
2018-05-01 12:48:20 UTC,0.2,0.1,29.77,16.86
2018-05-01 13:03:20 UTC,0.2,0.1,29.76,16.45
2018-05-01 13:18:20 UTC,0.2,0.1,29.76,16.24
2018-05-01 13:33:20 UTC,0.2,0.1,29.42,15.98
2018-05-01 13:48:20 UTC,0.2,0.1,29.53,15.98
2018-05-01 14:03:20 UTC,0.2,0.1,29.53,16.03
2018-05-01 14:18:20 UTC,0.2,0.1,29.53,15.93
2018-05-01 14:33:20 UTC,0.2,0.1,29.19,15.61
2018-05-01 14:48:20 UTC,0.2,0.1,29.64,14.87
2018-05-01 15:03:20 UTC,0.2,0.1,29.41,14.6
2018-05-01 15:18:20 UTC,0.2,0.1,29.3,14.49
2018-05-01 15:33:20 UTC,0.2,0.1,29.41,14.43
2018-05-01 15:48:20 UTC,0.2,0.1,29.52,14.38
2018-05-01 16:03:20 UTC,0.2,0.1,29.29,14.27
2018-05-01 16:18:20 UTC,0.2,0.1,29.29,14.6
2018-05-01 16:33:20 UTC,0.2,0.1,29.07,14.76
2018-05-01 16:48:20 UTC,0.2,0.1,29.4,14.81
2018-05-01 17:03:20 UTC,0.2,0.1,29.29,14.87
2018-05-01 17:18:20 UTC,0.2,0.1,29.29,14.87
2018-05-01 17:33:20 UTC,0.2,0.1,29.07,14.92
2018-05-01 17:48:20 UTC,0.2,0.1,29.07,14.38
2018-05-01 18:03:20 UTC,0.2,0.1,28.95,14.6
2018-05-01 18:18:20 UTC,0.2,0.1,29.07,15.03
2018-05-01 18:33:20 UTC,0.2,0.1,28.96,15.24
2018-05-01 18:48:20 UTC,0.2,0.1,29.29,14.97
2018-05-01 19:03:20 UTC,0.2,0.1,29.4,14.7
2018-05-01 19:18:20 UTC,0.2,0.1,28.95,13.89
2018-05-01 19:33:20 UTC,0.2,0.1,29.18,14.0
2018-05-01 19:48:20 UTC,0.2,0.38,29.18,14.27
2018-05-01 20:03:20 UTC,0.2,2.57,29.18,14.76
2018-05-01 20:18:20 UTC,0.2,4.61,29.18,15.29
2018-05-01 20:33:20 UTC,0.2,7.84,29.18,16.66
2018-05-01 20:48:20 UTC,0.2,16.65,29.29,18.39
2018-05-01 21:03:20 UTC,0.2,19.51,29.29,22.49
2018-05-01 21:18:20 UTC,0.2,29.05,29.07,22.3
2018-05-01 21:33:20 UTC,0.2,36.37,28.97,24.89
2018-05-01 21:48:20 UTC,0.2,35.96,29.31,26.73
2018-05-01 22:03:20 UTC,0.2,46.16,29.31,28.2
2018-05-01 22:18:20 UTC,0.2,50.5,31.93,31.07
2018-05-01 22:33:20 UTC,0.2,44.25,31.25,33.16
2018-05-01 22:48:20 UTC,0.2,62.09,31.03,29.26
2018-05-01 23:03:20 UTC,0.2,54.05,30.8,29.22
2018-05-01 23:18:20 UTC,0.2,56.49,30.47,30.81
2018-05-01 23:33:20 UTC,0.2,54.59,30.58,30.59
2018-05-01 23:48:20 UTC,0.2,53.51,30.7,30.06
2018-05-02 00:03:20 UTC,0.2,66.92,30.36,31.43
2018-05-02 00:18:20 UTC,0.2,80.28,30.47,35.95
2018-05-02 00:33:20 UTC,0.2,114.26,30.25,37.57
2018-05-02 00:48:20 UTC,0.2,103.08,30.25,37.29
2018-05-02 01:03:20 UTC,0.2,87.46,30.14,36.92
2018-05-02 01:18:20 UTC,0.18,80.28,32.64,35.0
2018-05-02 01:33:20 UTC,0.18,76.21,31.85,34.54
2018-05-02 01:48:20 UTC,0.18,79.51,31.29,35.91
2018-05-02 02:03:20 UTC,0.18,140.73,31.18,37.61
2018-05-02 02:18:20 UTC,0.18,93.85,31.07,36.46
2018-05-02 02:33:20 UTC,0.18,133.06,30.86,39.89
2018-05-02 02:48:20 UTC,0.18,103.72,30.98,38.93
2018-05-02 03:03:20 UTC,0.18,99.42,30.65,38.32
2018-05-02 03:18:20 UTC,0.18,75.86,30.64,36.55
2018-05-02 03:33:20 UTC,0.18,157.51,30.44,41.96
2018-05-02 03:48:20 UTC,0.18,107.02,30.65,39.27
2018-05-02 04:03:20 UTC,0.18,110.52,30.43,37.99
2018-05-02 04:18:20 UTC,0.18,118.25,32.61,36.78
2018-05-02 04:33:20 UTC,0.18,96.01,31.7,36.55
2018-05-02 04:48:20 UTC,0.18,115.04,31.48,36.64
2018-05-02 05:03:20 UTC,0.18,76.56,31.14,35.86
2018-05-02 05:18:20 UTC,0.18,56.89,30.91,32.27
2018-05-02 05:33:20 UTC,0.18,41.07,30.79,30.01
2018-05-02 05:48:20 UTC,0.18,33.51,30.46,28.86
2018-05-02 06:03:20 UTC,0.18,34.02,30.23,27.62
2018-05-02 06:18:20 UTC,0.18,27.13,30.23,27.44
2018-05-02 06:33:20 UTC,0.18,25.28,30.45,26.19
2018-05-02 06:48:20 UTC,0.18,24.48,30.1,26.55
2018-05-02 07:03:20 UTC,0.18,13.37,30.32,25.61
2018-05-02 07:18:20 UTC,0.18,9.43,32.23,24.34
2018-05-02 07:33:20 UTC,0.18,7.41,31.54,23.47
2018-05-02 07:48:20 UTC,0.18,6.85,30.97,22.82
2018-05-02 08:03:20 UTC,0.18,5.06,30.85,22.26
2018-05-02 08:18:20 UTC,0.18,3.35,30.62,20.26
2018-05-02 08:33:20 UTC,0.18,2.87,30.5,20.59
2018-05-02 08:48:20 UTC,0.18,2.3,30.6,20.06
2018-05-02 09:03:20 UTC,0.18,0.84,30.37,19.96
2018-05-02 09:18:20 UTC,0.18,0.35,30.47,19.77
2018-05-02 09:33:20 UTC,0.18,0.1,30.25,19.33
2018-05-02 09:48:20 UTC,0.18,0.1,30.02,19.18
2018-05-02 10:03:20 UTC,0.18,0.1,30.13,18.83
2018-05-02 10:18:20 UTC,0.18,0.1,29.79,18.64
2018-05-02 10:33:20 UTC,0.18,0.1,30.01,18.29
2018-05-02 10:48:20 UTC,0.18,0.1,30.01,18.29
2018-05-02 11:03:20 UTC,0.18,0.1,29.67,18.39
2018-05-02 11:18:20 UTC,0.18,0.1,29.67,18.69
2018-05-02 11:33:20 UTC,0.18,0.1,29.67,18.93
2018-05-02 11:48:20 UTC,0.18,0.1,29.78,18.98
2018-05-02 12:03:20 UTC,0.18,0.1,29.89,18.74
2018-05-02 12:18:20 UTC,0.18,0.1,29.77,18.24
2018-05-02 12:33:20 UTC,0.18,0.1,29.77,17.98
2018-05-02 12:48:20 UTC,0.18,0.1,29.55,17.98
2018-05-02 13:03:20 UTC,0.18,0.1,29.89,18.19
2018-05-02 13:18:20 UTC,0.18,0.1,30.8,18.19
2018-05-02 13:33:20 UTC,0.18,0.1,30.46,18.08
2018-05-02 13:48:20 UTC,0.18,0.1,30.56,17.93
2018-05-02 14:03:20 UTC,0.18,0.1,30.56,18.39
2018-05-02 14:18:20 UTC,0.18,0.1,30.78,18.24
2018-05-02 14:33:20 UTC,0.18,0.1,30.78,18.24
2018-05-02 14:48:20 UTC,0.18,0.1,30.67,18.44
2018-05-02 15:03:20 UTC,0.18,0.1,30.56,18.49
2018-05-02 15:18:20 UTC,0.18,0.1,30.45,18.59
2018-05-02 15:33:20 UTC,0.18,0.1,30.44,18.59
2018-05-02 15:48:20 UTC,0.18,0.1,30.44,18.64
2018-05-02 16:03:20 UTC,0.18,0.1,30.22,18.59
2018-05-02 16:18:20 UTC,0.18,0.1,30.44,18.59
2018-05-02 16:33:20 UTC,0.18,0.1,30.44,18.59
2018-05-02 16:48:20 UTC,0.18,0.1,30.54,18.49
2018-05-02 17:03:20 UTC,0.18,0.1,30.76,18.49
2018-05-02 17:18:20 UTC,0.18,0.1,31.09,18.49
2018-05-02 17:33:20 UTC,0.18,0.1,30.86,18.49
2018-05-02 17:48:20 UTC,0.18,0.1,30.63,18.44
2018-05-02 18:03:20 UTC,0.18,0.1,30.85,18.49
2018-05-02 18:18:20 UTC,0.18,0.1,30.85,18.34
2018-05-02 18:33:20 UTC,0.18,0.1,30.84,18.49
2018-05-02 18:48:20 UTC,0.18,0.1,31.06,18.49
2018-05-02 19:03:20 UTC,0.18,0.1,30.84,18.44
2018-05-02 19:18:20 UTC,0.18,0.1,30.84,18.49
2018-05-02 19:33:20 UTC,0.18,0.1,30.61,18.54
2018-05-02 19:48:20 UTC,0.18,0.1,30.61,18.64
2018-05-02 20:03:20 UTC,0.18,0.1,30.83,18.83
2018-05-02 20:18:20 UTC,0.18,0.79,31.05,18.98
2018-05-02 20:33:20 UTC,0.18,1.78,30.94,19.72
2018-05-02 20:48:20 UTC,0.18,2.29,30.83,20.01
2018-05-02 21:03:20 UTC,0.18,2.11,31.05,20.3
2018-05-02 21:18:20 UTC,0.18,3.81,31.05,20.45
2018-05-02 21:33:20 UTC,0.18,4.31,30.72,20.93
2018-05-02 21:48:20 UTC,0.18,9.1,30.83,21.55
2018-05-02 22:03:20 UTC,0.18,5.94,30.83,21.5
2018-05-02 22:18:20 UTC,0.17,10.1,33.3,20.93
2018-05-02 22:33:20 UTC,0.17,22.72,32.41,20.93
2018-05-02 22:48:20 UTC,0.17,93.85,32.07,27.0
2018-05-02 23:03:20 UTC,0.17,27.86,31.85,25.52
2018-05-02 23:18:20 UTC,0.17,24.14,31.52,23.56
2018-05-02 23:33:20 UTC,0.17,30.23,31.41,25.16
2018-05-02 23:48:20 UTC,0.17,46.29,31.41,29.61
2018-05-03 00:03:20 UTC,0.17,175.07,31.41,33.83
2018-05-03 00:18:20 UTC,0.17,138.45,31.19,35.27
2018-05-03 00:33:20 UTC,0.17,27.23,30.75,27.84
2018-05-03 00:48:20 UTC,0.17,67.19,30.75,28.95
2018-05-03 01:03:20 UTC,0.17,42.26,30.64,28.02
2018-05-03 01:18:20 UTC,0.17,105.02,32.68,31.87
2018-05-03 01:33:20 UTC,0.17,85.22,32.12,32.18
2018-05-03 01:48:20 UTC,0.17,67.75,31.57,37.94
2018-05-03 02:03:20 UTC,0.17,200.0,31.35,41.02
2018-05-03 02:18:20 UTC,0.17,55.15,31.24,34.32
2018-05-03 02:33:20 UTC,0.17,34.24,31.02,29.61
2018-05-03 02:48:20 UTC,0.17,36.37,30.91,28.91
2018-05-03 03:03:20 UTC,0.17,39.05,30.8,28.2
2018-05-03 03:18:20 UTC,0.17,40.34,30.69,27.76
2018-05-03 03:33:20 UTC,0.17,41.93,30.69,28.38
2018-05-03 03:48:20 UTC,0.17,53.51,30.58,30.06
2018-05-03 04:03:20 UTC,0.17,59.6,30.25,31.12
2018-05-03 04:18:20 UTC,0.17,68.31,32.4,32.49
2018-05-03 04:33:20 UTC,0.17,74.16,31.73,34.27
2018-05-03 04:48:20 UTC,0.17,188.36,31.75,43.23
2018-05-03 05:03:20 UTC,0.17,121.64,31.52,38.98
2018-05-03 05:18:20 UTC,0.17,86.55,31.07,36.46
2018-05-03 05:33:20 UTC,0.17,68.31,31.18,35.13
2018-05-03 05:48:20 UTC,0.17,115.83,30.74,36.13
2018-05-03 06:03:20 UTC,0.17,78.01,30.62,34.64
2018-05-03 06:18:20 UTC,0.17,90.3,30.62,35.68
2018-05-03 06:33:20 UTC,0.17,77.28,30.74,33.96
2018-05-03 06:48:20 UTC,0.17,43.06,30.18,31.51
2018-05-03 07:03:20 UTC,0.17,34.32,30.29,29.13
2018-05-03 07:18:20 UTC,0.17,52.47,32.33,32.04
2018-05-03 07:33:20 UTC,0.17,42.04,31.54,30.59
2018-05-03 07:48:20 UTC,0.17,27.71,31.08,28.6
2018-05-03 08:03:20 UTC,0.17,16.38,31.08,26.69
2018-05-03 08:18:20 UTC,0.17,10.33,30.62,25.34
2018-05-03 08:33:20 UTC,0.17,6.29,30.73,24.43
2018-05-03 08:48:20 UTC,0.17,5.57,30.28,23.97
2018-05-03 09:03:20 UTC,0.17,2.59,30.6,23.19
2018-05-03 09:18:20 UTC,0.17,1.51,30.26,22.86
2018-05-03 09:33:20 UTC,0.17,0.28,30.26,22.16
2018-05-03 09:48:20 UTC,0.17,0.1,30.03,21.69
2018-05-03 10:03:20 UTC,0.17,0.1,29.91,21.55
2018-05-03 10:18:20 UTC,0.17,0.1,30.01,21.36
2018-05-03 10:33:20 UTC,0.17,0.1,29.9,21.31
2018-05-03 10:48:20 UTC,0.17,0.1,29.9,20.83
2018-05-03 11:03:20 UTC,0.17,0.1,29.78,20.69
2018-05-03 11:18:20 UTC,0.17,0.1,29.89,19.67
2018-05-03 11:33:20 UTC,0.17,0.1,29.78,19.13
2018-05-03 11:48:20 UTC,0.17,0.1,30.0,18.83
2018-05-03 12:03:20 UTC,0.17,0.1,29.88,18.78
2018-05-03 12:18:20 UTC,0.17,0.1,29.77,18.69
2018-05-03 12:33:20 UTC,0.17,0.1,29.43,18.98
2018-05-03 12:48:20 UTC,0.17,0.1,29.43,18.64
2018-05-03 13:03:20 UTC,0.17,0.1,29.43,18.19
2018-05-03 13:18:20 UTC,0.17,0.1,29.43,18.19
2018-05-03 13:33:20 UTC,0.17,0.1,29.54,18.49
2018-05-03 13:48:20 UTC,0.17,0.1,29.54,18.34
2018-05-03 14:03:20 UTC,0.17,0.1,29.76,17.73
2018-05-03 14:18:20 UTC,0.17,0.1,29.76,17.43
2018-05-03 14:33:20 UTC,0.17,0.1,29.31,17.07
2018-05-03 14:48:20 UTC,0.17,0.1,29.54,17.27
2018-05-03 15:03:20 UTC,0.17,0.1,29.31,17.73
2018-05-03 15:18:20 UTC,0.17,0.1,29.42,17.68
2018-05-03 15:33:20 UTC,0.17,0.1,29.54,17.48
2018-05-03 15:48:20 UTC,0.17,0.1,29.42,17.38
2018-05-03 16:03:20 UTC,0.17,0.1,29.54,17.22
2018-05-03 16:18:20 UTC,0.17,0.1,29.31,16.76
